firm,year,erreur
Cosumar,2015,PDF non trouvé sur AMMC
Cosumar,2016,PDF non trouvé sur AMMC
Cosumar,2017,PDF non trouvé sur AMMC
Cosumar,2018,PDF non trouvé sur AMMC
Lesieur Cristal,2015,PDF non trouvé sur AMMC
Lesieur Cristal,2016,PDF non trouvé sur AMMC
Lesieur Cristal,2017,PDF non trouvé sur AMMC
Lesieur Cristal,2018,PDF non trouvé sur AMMC
Centrale Danone,2015,PDF non trouvé sur AMMC
Centrale Danone,2016,PDF non trouvé sur AMMC
Centrale Danone,2017,PDF non trouvé sur AMMC
Centrale Danone,2018,PDF non trouvé sur AMMC
Centrale Danone,2021,PDF non trouvé sur AMMC
Centrale Danone,2022,PDF non trouvé sur AMMC
Centrale Danone,2023,PDF non trouvé sur AMMC
Centrale Danone,2024,PDF non trouvé sur AMMC
Brasseries du Maroc,2015,PDF non trouvé sur AMMC
Brasseries du Maroc,2016,PDF non trouvé sur AMMC
Brasseries du Maroc,2017,PDF non trouvé sur AMMC
Brasseries du Maroc,2018,PDF non trouvé sur AMMC
Brasseries du Maroc,2019,PDF non trouvé sur AMMC
Brasseries du Maroc,2020,PDF non trouvé sur AMMC
Brasseries du Maroc,2021,PDF non trouvé sur AMMC
Brasseries du Maroc,2022,PDF non trouvé sur AMMC
Brasseries du Maroc,2023,PDF non trouvé sur AMMC
Brasseries du Maroc,2024,PDF non trouvé sur AMMC
Dari Couspate,2015,PDF non trouvé sur AMMC
Dari Couspate,2016,PDF non trouvé sur AMMC
Dari Couspate,2017,PDF non trouvé sur AMMC
Dari Couspate,2018,PDF non trouvé sur AMMC
Dari Couspate,2020,Aucune donnée extraite du PDF
Dari Couspate,2021,Aucune donnée extraite du PDF
Dari Couspate,2022,PDF non trouvé sur AMMC
Dari Couspate,2023,Aucune donnée extraite du PDF
Dari Couspate,2024,Aucune donnée extraite du PDF
Cartier Saada,2015,PDF non trouvé sur AMMC
Cartier Saada,2016,PDF non trouvé sur AMMC
Cartier Saada,2017,PDF non trouvé sur AMMC
Cartier Saada,2018,PDF non trouvé sur AMMC
Cartier Saada,2019,PDF non trouvé sur AMMC
Cartier Saada,2020,PDF non trouvé sur AMMC
Cartier Saada,2021,PDF non trouvé sur AMMC
Cartier Saada,2022,PDF non trouvé sur AMMC
Cartier Saada,2023,PDF non trouvé sur AMMC
Cartier Saada,2024,PDF non trouvé sur AMMC
Zalagh Holding,2015,PDF non trouvé sur AMMC
Zalagh Holding,2016,PDF non trouvé sur AMMC
Zalagh Holding,2017,PDF non trouvé sur AMMC
Zalagh Holding,2018,PDF non trouvé sur AMMC
Zalagh Holding,2019,PDF non trouvé sur AMMC
Zalagh Holding,2020,PDF non trouvé sur AMMC
Zalagh Holding,2021,PDF non trouvé sur AMMC
Zalagh Holding,2022,PDF non trouvé sur AMMC
Zalagh Holding,2023,PDF non trouvé sur AMMC
Zalagh Holding,2024,PDF non trouvé sur AMMC
Agma Lahlou-Tazi,2015,PDF non trouvé sur AMMC
Agma Lahlou-Tazi,2016,PDF non trouvé sur AMMC
Agma Lahlou-Tazi,2017,PDF non trouvé sur AMMC
Agma Lahlou-Tazi,2018,PDF non trouvé sur AMMC
Agma Lahlou-Tazi,2019,PDF non trouvé sur AMMC
Agma Lahlou-Tazi,2020,PDF non trouvé sur AMMC
Agma Lahlou-Tazi,2021,PDF non trouvé sur AMMC
Agma Lahlou-Tazi,2022,PDF non trouvé sur AMMC
Agma Lahlou-Tazi,2023,PDF non trouvé sur AMMC
Agma Lahlou-Tazi,2024,PDF non trouvé sur AMMC
LafargeHolcim Maroc,2015,PDF non trouvé sur AMMC
LafargeHolcim Maroc,2016,PDF non trouvé sur AMMC
LafargeHolcim Maroc,2017,PDF non trouvé sur AMMC
LafargeHolcim Maroc,2018,PDF non trouvé sur AMMC
LafargeHolcim Maroc,2020,PDF non trouvé sur AMMC
Ciments du Maroc,2015,PDF non trouvé sur AMMC
Ciments du Maroc,2016,PDF non trouvé sur AMMC
Ciments du Maroc,2017,PDF non trouvé sur AMMC
Ciments du Maroc,2018,PDF non trouvé sur AMMC
Ciments du Maroc,2020,PDF non trouvé sur AMMC
SONASID,2015,PDF non trouvé sur AMMC
SONASID,2016,PDF non trouvé sur AMMC
SONASID,2017,PDF non trouvé sur AMMC
SONASID,2018,PDF non trouvé sur AMMC
Holcim Maroc,2015,PDF non trouvé sur AMMC
Holcim Maroc,2016,PDF non trouvé sur AMMC
Holcim Maroc,2017,PDF non trouvé sur AMMC
Holcim Maroc,2018,PDF non trouvé sur AMMC
Holcim Maroc,2019,PDF non trouvé sur AMMC
Holcim Maroc,2020,PDF non trouvé sur AMMC
Holcim Maroc,2021,PDF non trouvé sur AMMC
Holcim Maroc,2022,PDF non trouvé sur AMMC
Holcim Maroc,2023,PDF non trouvé sur AMMC
Holcim Maroc,2024,PDF non trouvé sur AMMC
Aluminium du Maroc,2015,PDF non trouvé sur AMMC
Aluminium du Maroc,2016,PDF non trouvé sur AMMC
Aluminium du Maroc,2017,PDF non trouvé sur AMMC
Aluminium du Maroc,2018,PDF non trouvé sur AMMC
Aluminium du Maroc,2019,PDF non trouvé sur AMMC
Aluminium du Maroc,2024,PDF non trouvé sur AMMC
Nexans Maroc,2015,PDF non trouvé sur AMMC
Nexans Maroc,2016,PDF non trouvé sur AMMC
Nexans Maroc,2017,PDF non trouvé sur AMMC
Nexans Maroc,2018,PDF non trouvé sur AMMC
Nexans Maroc,2021,PDF non trouvé sur AMMC
Nexans Maroc,2022,PDF non trouvé sur AMMC
Nexans Maroc,2023,PDF non trouvé sur AMMC
Nexans Maroc,2024,PDF non trouvé sur AMMC
Managem,2015,PDF non trouvé sur AMMC
Managem,2016,PDF non trouvé sur AMMC
Managem,2017,PDF non trouvé sur AMMC
Managem,2018,PDF non trouvé sur AMMC
SMI,2015,PDF non trouvé sur AMMC
SMI,2016,PDF non trouvé sur AMMC
SMI,2017,PDF non trouvé sur AMMC
SMI,2018,PDF non trouvé sur AMMC
TotalEnergies Marketing MA,2015,PDF non trouvé sur AMMC
TotalEnergies Marketing MA,2016,PDF non trouvé sur AMMC
TotalEnergies Marketing MA,2017,PDF non trouvé sur AMMC
TotalEnergies Marketing MA,2018,PDF non trouvé sur AMMC
TotalEnergies Marketing MA,2019,PDF non trouvé sur AMMC
TotalEnergies Marketing MA,2020,PDF non trouvé sur AMMC
TotalEnergies Marketing MA,2022,PDF non trouvé sur AMMC
Samir,2015,PDF non trouvé sur AMMC
Samir,2016,PDF non trouvé sur AMMC
Samir,2017,PDF non trouvé sur AMMC
Samir,2018,PDF non trouvé sur AMMC
Samir,2019,PDF non trouvé sur AMMC
Samir,2020,PDF non trouvé sur AMMC
Samir,2021,PDF non trouvé sur AMMC
Samir,2022,PDF non trouvé sur AMMC
Samir,2023,PDF non trouvé sur AMMC
Samir,2024,PDF non trouvé sur AMMC
Stroc Industrie,2015,PDF non trouvé sur AMMC
Stroc Industrie,2016,PDF non trouvé sur AMMC
Stroc Industrie,2017,PDF non trouvé sur AMMC
Stroc Industrie,2018,PDF non trouvé sur AMMC
Stroc Industrie,2020,PDF non trouvé sur AMMC
Stroc Industrie,2022,PDF non trouvé sur AMMC
Stroc Industrie,2024,Aucune donnée extraite du PDF
Label'Vie,2015,PDF non trouvé sur AMMC
Label'Vie,2016,PDF non trouvé sur AMMC
Label'Vie,2017,PDF non trouvé sur AMMC
Label'Vie,2018,PDF non trouvé sur AMMC
Label'Vie,2019,PDF non trouvé sur AMMC
Label'Vie,2020,PDF non trouvé sur AMMC
Label'Vie,2022,PDF non trouvé sur AMMC
Label'Vie,2023,PDF non trouvé sur AMMC
Label'Vie,2024,PDF non trouvé sur AMMC
Auto Hall,2015,PDF non trouvé sur AMMC
Auto Hall,2016,PDF non trouvé sur AMMC
Auto Hall,2017,PDF non trouvé sur AMMC
Auto Hall,2018,PDF non trouvé sur AMMC
CFAO Maroc,2015,PDF non trouvé sur AMMC
CFAO Maroc,2016,PDF non trouvé sur AMMC
CFAO Maroc,2017,PDF non trouvé sur AMMC
CFAO Maroc,2018,PDF non trouvé sur AMMC
CFAO Maroc,2019,PDF non trouvé sur AMMC
CFAO Maroc,2020,PDF non trouvé sur AMMC
CFAO Maroc,2021,PDF non trouvé sur AMMC
CFAO Maroc,2022,PDF non trouvé sur AMMC
CFAO Maroc,2023,PDF non trouvé sur AMMC
CFAO Maroc,2024,PDF non trouvé sur AMMC
OULMES,2015,PDF non trouvé sur AMMC
OULMES,2016,PDF non trouvé sur AMMC
OULMES,2017,PDF non trouvé sur AMMC
OULMES,2018,PDF non trouvé sur AMMC
OULMES,2019,Aucune donnée extraite du PDF
OULMES,2020,Aucune donnée extraite du PDF
OULMES,2021,Aucune donnée extraite du PDF
OULMES,2022,PDF non trouvé sur AMMC
OULMES,2023,PDF non trouvé sur AMMC
OULMES,2024,Téléchargement échoué
Stokvis Nord Afrique,2015,PDF non trouvé sur AMMC
Stokvis Nord Afrique,2016,PDF non trouvé sur AMMC
Stokvis Nord Afrique,2017,PDF non trouvé sur AMMC
Stokvis Nord Afrique,2018,PDF non trouvé sur AMMC
Stokvis Nord Afrique,2021,Aucune donnée extraite du PDF
Stokvis Nord Afrique,2022,PDF non trouvé sur AMMC
Maghreb Oxygène,2015,PDF non trouvé sur AMMC
Maghreb Oxygène,2016,PDF non trouvé sur AMMC
Maghreb Oxygène,2017,PDF non trouvé sur AMMC
Maghreb Oxygène,2018,PDF non trouvé sur AMMC
Alliances,2015,PDF non trouvé sur AMMC
Alliances,2016,PDF non trouvé sur AMMC
Alliances,2017,PDF non trouvé sur AMMC
Alliances,2018,PDF non trouvé sur AMMC
Alliances,2019,PDF non trouvé sur AMMC
Alliances,2020,PDF non trouvé sur AMMC
Alliances,2021,PDF non trouvé sur AMMC
Alliances,2022,PDF non trouvé sur AMMC
Alliances,2023,PDF non trouvé sur AMMC
Alliances,2024,PDF non trouvé sur AMMC
Résidences Dar Saada,2015,PDF non trouvé sur AMMC
Résidences Dar Saada,2016,PDF non trouvé sur AMMC
Résidences Dar Saada,2017,PDF non trouvé sur AMMC
Résidences Dar Saada,2018,PDF non trouvé sur AMMC
Résidences Dar Saada,2019,PDF non trouvé sur AMMC
Résidences Dar Saada,2020,PDF non trouvé sur AMMC
Résidences Dar Saada,2021,PDF non trouvé sur AMMC
Résidences Dar Saada,2023,PDF non trouvé sur AMMC
Résidences Dar Saada,2024,PDF non trouvé sur AMMC
Douja Prom Addoha,2015,PDF non trouvé sur AMMC
Douja Prom Addoha,2016,PDF non trouvé sur AMMC
Douja Prom Addoha,2017,PDF non trouvé sur AMMC
Douja Prom Addoha,2018,PDF non trouvé sur AMMC
Douja Prom Addoha,2019,PDF non trouvé sur AMMC
Douja Prom Addoha,2020,PDF non trouvé sur AMMC
Douja Prom Addoha,2021,PDF non trouvé sur AMMC
Douja Prom Addoha,2022,PDF non trouvé sur AMMC
Douja Prom Addoha,2023,PDF non trouvé sur AMMC
Douja Prom Addoha,2024,PDF non trouvé sur AMMC
Colorado,2015,PDF non trouvé sur AMMC
Colorado,2016,PDF non trouvé sur AMMC
Colorado,2017,PDF non trouvé sur AMMC
Colorado,2018,PDF non trouvé sur AMMC
Colorado,2020,PDF non trouvé sur AMMC
Immorente Invest,2015,PDF non trouvé sur AMMC
Immorente Invest,2016,PDF non trouvé sur AMMC
Immorente Invest,2017,PDF non trouvé sur AMMC
Immorente Invest,2018,PDF non trouvé sur AMMC
Immorente Invest,2020,Aucune donnée extraite du PDF
Maroc Telecom,2015,PDF non trouvé sur AMMC
Maroc Telecom,2016,PDF non trouvé sur AMMC
Maroc Telecom,2017,PDF non trouvé sur AMMC
Maroc Telecom,2018,PDF non trouvé sur AMMC
HPS,2015,PDF non trouvé sur AMMC
HPS,2016,PDF non trouvé sur AMMC
HPS,2017,PDF non trouvé sur AMMC
HPS,2018,PDF non trouvé sur AMMC
HPS,2020,PDF non trouvé sur AMMC
Disway,2015,PDF non trouvé sur AMMC
Disway,2016,PDF non trouvé sur AMMC
Disway,2017,PDF non trouvé sur AMMC
Disway,2018,PDF non trouvé sur AMMC
Disway,2019,PDF non trouvé sur AMMC
Disway,2020,Aucune donnée extraite du PDF
M2M Group,2015,PDF non trouvé sur AMMC
M2M Group,2016,PDF non trouvé sur AMMC
M2M Group,2017,PDF non trouvé sur AMMC
M2M Group,2018,PDF non trouvé sur AMMC
M2M Group,2019,Aucune donnée extraite du PDF
M2M Group,2020,Aucune donnée extraite du PDF
CTM,2015,PDF non trouvé sur AMMC
CTM,2016,PDF non trouvé sur AMMC
CTM,2017,PDF non trouvé sur AMMC
CTM,2018,PDF non trouvé sur AMMC
CTM,2019,PDF non trouvé sur AMMC
Marsa Maroc,2015,PDF non trouvé sur AMMC
Marsa Maroc,2016,PDF non trouvé sur AMMC
Marsa Maroc,2017,PDF non trouvé sur AMMC
Marsa Maroc,2018,PDF non trouvé sur AMMC
TIMAR,2015,PDF non trouvé sur AMMC
TIMAR,2016,PDF non trouvé sur AMMC
TIMAR,2017,PDF non trouvé sur AMMC
TIMAR,2018,PDF non trouvé sur AMMC
TIMAR,2019,Aucune donnée extraite du PDF
TIMAR,2022,PDF non trouvé sur AMMC
TIMAR,2024,PDF non trouvé sur AMMC
Afriquia Gaz,2015,PDF non trouvé sur AMMC
Afriquia Gaz,2016,PDF non trouvé sur AMMC
Afriquia Gaz,2017,PDF non trouvé sur AMMC
Afriquia Gaz,2018,PDF non trouvé sur AMMC
Afriquia Gaz,2020,PDF non trouvé sur AMMC
Afriquia Gaz,2022,Aucune donnée extraite du PDF
Snep,2015,PDF non trouvé sur AMMC
Snep,2016,PDF non trouvé sur AMMC
Snep,2017,PDF non trouvé sur AMMC
Snep,2018,PDF non trouvé sur AMMC
Sothema,2015,PDF non trouvé sur AMMC
Sothema,2016,PDF non trouvé sur AMMC
Sothema,2017,PDF non trouvé sur AMMC
Sothema,2018,PDF non trouvé sur AMMC
Sothema,2019,Aucune donnée extraite du PDF
Promopharm,2015,PDF non trouvé sur AMMC
Promopharm,2016,PDF non trouvé sur AMMC
Promopharm,2017,PDF non trouvé sur AMMC
Promopharm,2018,PDF non trouvé sur AMMC
Promopharm,2019,PDF non trouvé sur AMMC
Pharma 5,2015,PDF non trouvé sur AMMC
Pharma 5,2016,PDF non trouvé sur AMMC
Pharma 5,2017,PDF non trouvé sur AMMC
Pharma 5,2018,PDF non trouvé sur AMMC
Pharma 5,2019,PDF non trouvé sur AMMC
Pharma 5,2020,PDF non trouvé sur AMMC
Pharma 5,2021,PDF non trouvé sur AMMC
Pharma 5,2022,PDF non trouvé sur AMMC
Pharma 5,2023,PDF non trouvé sur AMMC
Pharma 5,2024,PDF non trouvé sur AMMC
Colorobbia Maroc,2015,PDF non trouvé sur AMMC
Colorobbia Maroc,2016,PDF non trouvé sur AMMC
Colorobbia Maroc,2017,PDF non trouvé sur AMMC
Colorobbia Maroc,2018,PDF non trouvé sur AMMC
Colorobbia Maroc,2019,PDF non trouvé sur AMMC
Colorobbia Maroc,2020,PDF non trouvé sur AMMC
Colorobbia Maroc,2021,PDF non trouvé sur AMMC
Colorobbia Maroc,2022,PDF non trouvé sur AMMC
Colorobbia Maroc,2023,PDF non trouvé sur AMMC
Colorobbia Maroc,2024,PDF non trouvé sur AMMC
Delattre Levivier Maroc,2015,PDF non trouvé sur AMMC
Delattre Levivier Maroc,2016,PDF non trouvé sur AMMC
Delattre Levivier Maroc,2017,PDF non trouvé sur AMMC
Delattre Levivier Maroc,2018,PDF non trouvé sur AMMC
Delattre Levivier Maroc,2019,PDF non trouvé sur AMMC
Delattre Levivier Maroc,2020,PDF non trouvé sur AMMC
Delattre Levivier Maroc,2021,PDF non trouvé sur AMMC
Delattre Levivier Maroc,2022,PDF non trouvé sur AMMC
Delattre Levivier Maroc,2023,PDF non trouvé sur AMMC
Delattre Levivier Maroc,2024,PDF non trouvé sur AMMC
Ennakl Automobiles,2015,PDF non trouvé sur AMMC
Ennakl Automobiles,2016,PDF non trouvé sur AMMC
Ennakl Automobiles,2017,PDF non trouvé sur AMMC
Ennakl Automobiles,2018,PDF non trouvé sur AMMC
Ennakl Automobiles,2019,PDF non trouvé sur AMMC
Ennakl Automobiles,2020,PDF non trouvé sur AMMC
Ennakl Automobiles,2021,PDF non trouvé sur AMMC
Ennakl Automobiles,2022,Aucune donnée extraite du PDF
Jet Contractors,2015,PDF non trouvé sur AMMC
Jet Contractors,2016,PDF non trouvé sur AMMC
Jet Contractors,2017,PDF non trouvé sur AMMC
Jet Contractors,2018,PDF non trouvé sur AMMC
Involys,2015,PDF non trouvé sur AMMC
Involys,2016,PDF non trouvé sur AMMC
Involys,2017,PDF non trouvé sur AMMC
Involys,2018,PDF non trouvé sur AMMC
Involys,2019,PDF non trouvé sur AMMC
Involys,2020,Aucune donnée extraite du PDF
Involys,2022,Aucune donnée extraite du PDF
Involys,2023,Aucune donnée extraite du PDF
Involys,2024,PDF non trouvé sur AMMC
IB Maroc.com,2015,PDF non trouvé sur AMMC
IB Maroc.com,2016,PDF non trouvé sur AMMC
IB Maroc.com,2017,PDF non trouvé sur AMMC
IB Maroc.com,2018,PDF non trouvé sur AMMC
IB Maroc.com,2019,PDF non trouvé sur AMMC
IB Maroc.com,2020,PDF non trouvé sur AMMC
IB Maroc.com,2021,PDF non trouvé sur AMMC
IB Maroc.com,2022,PDF non trouvé sur AMMC
IB Maroc.com,2023,PDF non trouvé sur AMMC
IB Maroc.com,2024,PDF non trouvé sur AMMC
Fenie Brossette,2015,PDF non trouvé sur AMMC
Fenie Brossette,2016,PDF non trouvé sur AMMC
Fenie Brossette,2017,PDF non trouvé sur AMMC
Fenie Brossette,2018,PDF non trouvé sur AMMC
Fenie Brossette,2019,PDF non trouvé sur AMMC
AFMA,2015,PDF non trouvé sur AMMC
AFMA,2016,PDF non trouvé sur AMMC
AFMA,2017,PDF non trouvé sur AMMC
AFMA,2018,PDF non trouvé sur AMMC
AFMA,2019,PDF non trouvé sur AMMC
Med Paper,2015,PDF non trouvé sur AMMC
Med Paper,2016,PDF non trouvé sur AMMC
Med Paper,2017,PDF non trouvé sur AMMC
Med Paper,2018,PDF non trouvé sur AMMC
Med Paper,2023,PDF non trouvé sur AMMC
Rebab Company,2015,PDF non trouvé sur AMMC
Rebab Company,2016,PDF non trouvé sur AMMC
Rebab Company,2017,PDF non trouvé sur AMMC
Rebab Company,2018,PDF non trouvé sur AMMC
Risma,2015,PDF non trouvé sur AMMC
Risma,2016,PDF non trouvé sur AMMC
Risma,2017,PDF non trouvé sur AMMC
Risma,2018,PDF non trouvé sur AMMC
Risma,2019,PDF non trouvé sur AMMC
Microdata,2015,PDF non trouvé sur AMMC
Microdata,2016,PDF non trouvé sur AMMC
Microdata,2017,PDF non trouvé sur AMMC
Microdata,2018,PDF non trouvé sur AMMC
Microdata,2019,PDF non trouvé sur AMMC
Eqdom,2015,PDF non trouvé sur AMMC
Eqdom,2016,PDF non trouvé sur AMMC
Eqdom,2017,PDF non trouvé sur AMMC
Eqdom,2018,PDF non trouvé sur AMMC
Eqdom,2019,PDF non trouvé sur AMMC
Eqdom,2022,Aucune donnée extraite du PDF
Eqdom,2023,Aucune donnée extraite du PDF
Eqdom,2024,Aucune donnée extraite du PDF
